,FED ID,Federal Electoral Districts_x,No Certificate,Secondary School Diploma,Non-university certificate or diploma,University level or above,ï»¿Province,Party Won
0,59001,Abbotsford,22.00%,39.00%,19.00%,20.00%,British Columba,Conservative
1,24001,Abitibi--Baie-James--Nunavik--Eeyou,47.00%,23.00%,18.00%,13.00%,Quebec,NDP
2,24002,Abitibi--TÃ©miscamingue,36.00%,26.00%,21.00%,17.00%,Quebec,NDP
3,13001,Acadie--Bathurst,36.00%,27.00%,24.00%,13.00%,New Brunswick/Nouveau-Brunswick,Liberal
4,24003,Ahuntsic-Cartierville,18.00%,22.00%,20.00%,40.00%,Quebec,Liberal
5,35001,Ajax,15.00%,31.00%,26.00%,28.00%,Ontario,Liberal
6,24004,Alfred-Pellan,21.00%,28.00%,24.00%,27.00%,Quebec,Liberal
7,35002,Algoma--Manitoulin--Kapuskasing,29.00%,31.00%,28.00%,13.00%,Ontario,NDP
8,24005,Argenteuil--La Petite-Nation,34.00%,31.00%,20.00%,14.00%,Quebec,Liberal
9,35003,Aurora--Oak Ridges--Richmond Hill,13.00%,24.00%,18.00%,45.00%,Ontario,Liberal
10,10001,Avalon,21.00%,29.00%,33.00%,17.00%,Newfoundland and Labrador,Liberal
11,24006,Avignon--La Mitis--Matane--MatapÃ©dia,36.00%,28.00%,23.00%,14.00%,Quebec,Liberal
12,48001,Banff--Airdrie,14.00%,31.00%,27.00%,28.00%,Alberta,Conservative
13,35004,Barrie--Innisfil,19.00%,34.00%,29.00%,18.00%,Ontario,Conservative
14,35005,Barrie--Springwater--Oro-Medonte,17.00%,33.00%,30.00%,20.00%,Ontario,Conservative
15,48002,Battle River--Crowfoot,24.00%,38.00%,25.00%,14.00%,Alberta,Conservative
16,47001,Battlefords--Lloydminster,28.00%,35.00%,23.00%,14.00%,Saskatchewan,Conservative
17,35006,Bay of Quinte,21.00%,34.00%,30.00%,15.00%,Ontario,Liberal
18,35007,Beaches--East York,14.00%,24.00%,19.00%,43.00%,Ontario,Liberal
19,24007,Beauce,33.00%,29.00%,23.00%,15.00%,Quebec,Conservative
20,24020,Beauport--CÃ´te-de-BeauprÃ©--ÃŽle d'OrlÃ©ans--Charlevoix,24.00%,28.00%,27.00%,21.00%,Quebec,Conservative
21,24008,Beauport--Limoilou,22.00%,27.00%,26.00%,25.00%,Quebec,Conservative
22,13002,BeausÃ©jour,26.00%,28.00%,27.00%,19.00%,New Brunswick/Nouveau-Brunswick,Liberal
23,24009,BÃ©cancour--Nicolet--Saurel,32.00%,27.00%,25.00%,15.00%,Quebec,Bloc QuÃ©bÃ©cois
24,24010,Bellechasse--Les Etchemins--LÃ©vis,24.00%,27.00%,27.00%,22.00%,Quebec,Conservative
25,24011,Beloeil--Chambly,19.00%,27.00%,26.00%,28.00%,Quebec,NDP
26,24012,Berthier--MaskinongÃ©,34.00%,30.00%,23.00%,13.00%,Quebec,NDP
27,10002,Bonavista--Burin--Trinity,35.00%,30.00%,27.00%,8.00%,Newfoundland and Labrador,Liberal
28,24015,Bourassa,35.00%,28.00%,18.00%,19.00%,Quebec,Liberal
29,48003,Bow River,28.00%,36.00%,22.00%,14.00%,Alberta,Conservative
30,35008,Brampton Centre,20.00%,35.00%,22.00%,22.00%,Ontario,Liberal
31,35009,Brampton East,22.00%,32.00%,16.00%,29.00%,Ontario,Liberal
32,35010,Brampton North,20.00%,33.00%,21.00%,26.00%,Ontario,Liberal
33,35011,Brampton South,19.00%,31.00%,21.00%,29.00%,Ontario,Liberal
34,35012,Brampton West,17.00%,31.00%,21.00%,30.00%,Ontario,Liberal
35,46001,Brandon--Souris,23.00%,36.00%,23.00%,18.00%,Manitoba,Conservative
36,35013,Brantford--Brant,21.00%,35.00%,28.00%,16.00%,Ontario,Conservative
37,24016,Brome--Missisquoi,27.00%,31.00%,21.00%,22.00%,Quebec,Liberal
38,24017,Brossard--Saint-Lambert,14.00%,23.00%,21.00%,42.00%,Quebec,Liberal
39,35014,Bruce--Grey--Owen Sound,25.00%,33.00%,28.00%,15.00%,Ontario,Conservative
40,35015,Burlington,13.00%,29.00%,27.00%,31.00%,Ontario,Liberal
41,59002,Burnaby North--Seymour,12.00%,32.00%,19.00%,37.00%,British Columba,Liberal
42,59003,Burnaby South,12.00%,29.00%,19.00%,41.00%,British Columba,NDP
43,48004,Calgary Centre,7.00%,21.00%,16.00%,55.00%,Alberta,Liberal
44,48005,Calgary Confederation,9.00%,23.00%,17.00%,51.00%,Alberta,Conservative
45,48006,Calgary Forest Lawn,28.00%,37.00%,19.00%,16.00%,Alberta,Conservative
46,48007,Calgary Heritage,12.00%,29.00%,21.00%,38.00%,Alberta,Conservative
47,48008,Calgary Midnapore,13.00%,31.00%,23.00%,33.00%,Alberta,Conservative
48,48009,Calgary Nose Hill,15.00%,30.00%,20.00%,35.00%,Alberta,Conservative
49,48010,Calgary Rocky Ridge,10.00%,24.00%,21.00%,45.00%,Alberta,Conservative
50,48011,Calgary Shepard,15.00%,31.00%,24.00%,30.00%,Alberta,Conservative
51,48012,Calgary Signal Hill,11.00%,24.00%,18.00%,46.00%,Alberta,Conservative
52,48013,Calgary Skyview,21.00%,34.00%,18.00%,27.00%,Alberta,Liberal
53,35016,Cambridge,23.00%,35.00%,25.00%,17.00%,Ontario,Liberal
54,12001,Cape Breton--Canso,26.00%,29.00%,28.00%,17.00%,Nova Scotia,Liberal
55,11001,Cardigan,19.00%,30.00%,29.00%,23.00%,Prince Edward Island,Liberal
56,59004,Cariboo--Prince George,25.00%,39.00%,20.00%,16.00%,British Columba,Conservative
57,35088,Carleton,11.00%,26.00%,26.00%,37.00%,Ontario,Conservative
58,47004,Carlton Trail--Eagle Creek,23.00%,37.00%,24.00%,16.00%,Saskatchewan,Conservative
59,12002,Central Nova,24.00%,29.00%,28.00%,19.00%,Nova Scotia,Liberal
60,59005,Central Okanagan--Similkameen--Nicola,18.00%,36.00%,27.00%,19.00%,British Columba,Conservative
61,24019,Charlesbourg--Haute-Saint-Charles,18.00%,28.00%,29.00%,25.00%,Quebec,Conservative
62,46002,Charleswood--St. James--Assiniboia--Headingley,15.00%,36.00%,23.00%,27.00%,Manitoba,Liberal
63,11002,Charlottetown,15.00%,28.00%,26.00%,31.00%,Prince Edward Island,Liberal
64,24021,ChÃ¢teauguay--Lacolle,27.00%,34.00%,23.00%,16.00%,Quebec,Liberal
65,35017,Chatham-Kent--Leamington,28.00%,32.00%,27.00%,13.00%,Ontario,Conservative
66,24022,Chicoutimi--Le Fjord,24.00%,26.00%,25.00%,25.00%,Quebec,Liberal
67,59006,Chilliwack--Hope,22.00%,41.00%,22.00%,15.00%,British Columba,Conservative
68,46003,Churchill--Keewatinook Aski,50.00%,27.00%,14.00%,10.00%,Manitoba,NDP
69,59007,Cloverdale--Langley City,17.00%,38.00%,23.00%,22.00%,British Columba,Liberal
70,10003,Coast of Bays--Central--Notre Dame,34.00%,30.00%,25.00%,10.00%,Newfoundland and Labrador,Liberal
71,24023,Compton--Stanstead,27.00%,28.00%,23.00%,22.00%,Quebec,Liberal
72,59008,Coquitlam--Port Coquitlam,13.00%,33.00%,21.00%,32.00%,British Columba,Liberal
73,59009,Courtenay--Alberni,20.00%,35.00%,25.00%,19.00%,British Columba,NDP
74,59010,Cowichan--Malahat--Langford,19.00%,36.00%,25.00%,20.00%,British Columba,NDP
75,12003,Cumberland--Colchester,24.00%,32.00%,27.00%,17.00%,Nova Scotia,Liberal
76,47002,Cypress Hills--Grasslands,24.00%,39.00%,23.00%,14.00%,Saskatchewan,Conservative
77,12004,Dartmouth--Cole Harbour,16.00%,30.00%,26.00%,29.00%,Nova Scotia,Liberal
78,46004,Dauphin--Swan River--Neepawa,34.00%,34.00%,21.00%,11.00%,Manitoba,Conservative
79,35018,Davenport,22.00%,25.00%,17.00%,36.00%,Ontario,Liberal
80,59011,Delta,16.00%,36.00%,21.00%,26.00%,British Columba,Liberal
81,47003,DesnethÃ©--Missinippi--Churchill River,48.00%,28.00%,15.00%,9.00%,Saskatchewan,NDP
82,35019,Don Valley East,16.00%,28.00%,19.00%,37.00%,Ontario,Liberal
83,35020,Don Valley North,11.00%,23.00%,16.00%,50.00%,Ontario,Liberal
84,35021,Don Valley West,11.00%,20.00%,13.00%,56.00%,Ontario,Liberal
85,24024,Dorval--Lachine--LaSalle,21.00%,29.00%,21.00%,28.00%,Quebec,Liberal
86,24025,Drummond,31.00%,29.00%,24.00%,15.00%,Quebec,NDP
87,35022,Dufferin--Caledon,18.00%,34.00%,27.00%,21.00%,Ontario,Conservative
88,35023,Durham,16.00%,32.00%,32.00%,20.00%,Ontario,Conservative
89,48014,Edmonton Centre,14.00%,29.00%,19.00%,38.00%,Alberta,Liberal
90,48015,Edmonton Griesbach,27.00%,35.00%,21.00%,17.00%,Alberta,Conservative
91,48016,Edmonton Manning,21.00%,36.00%,23.00%,20.00%,Alberta,Conservative
92,48017,Edmonton Mill Woods,18.00%,35.00%,21.00%,26.00%,Alberta,Liberal
93,48018,Edmonton Riverbend,10.00%,24.00%,19.00%,47.00%,Alberta,Conservative
94,48019,Edmonton Strathcona,11.00%,27.00%,18.00%,44.00%,Alberta,NDP
95,48020,Edmonton West,16.00%,32.00%,22.00%,30.00%,Alberta,Conservative
96,48021,Edmonton--Wetaskiwin,17.00%,33.00%,23.00%,27.00%,Alberta,Conservative
97,35024,Eglinton--Lawrence,14.00%,23.00%,15.00%,48.00%,Ontario,Liberal
98,11003,Egmont,28.00%,35.00%,24.00%,13.00%,Prince Edward Island,Liberal
99,35025,Elgin--Middlesex--London,24.00%,32.00%,30.00%,14.00%,Ontario,Conservative
100,46005,Elmwood--Transcona,20.00%,39.00%,22.00%,19.00%,Manitoba,NDP
101,59026,Esquimalt--Saanich--Sooke,16.00%,35.00%,24.00%,25.00%,British Columba,NDP
102,35026,Essex,17.00%,33.00%,27.00%,22.00%,Ontario,NDP
103,35027,Etobicoke Centre,15.00%,28.00%,19.00%,38.00%,Ontario,Liberal
104,35029,Etobicoke North,25.00%,33.00%,19.00%,22.00%,Ontario,Liberal
105,35028,Etobicoke--Lakeshore,13.00%,24.00%,21.00%,43.00%,Ontario,Liberal
106,35030,Flamborough--Glanbrook,16.00%,30.00%,29.00%,25.00%,Ontario,Conservative
107,59012,Fleetwood--Port Kells,18.00%,35.00%,19.00%,27.00%,British Columba,Liberal
108,48022,Foothills,18.00%,34.00%,25.00%,24.00%,Alberta,Conservative
109,48023,Fort McMurray--Cold Lake,18.00%,34.00%,27.00%,20.00%,Alberta,Conservative
110,13003,Fredericton,14.00%,32.00%,21.00%,33.00%,New Brunswick/Nouveau-Brunswick,Liberal
111,13004,Fundy Royal,18.00%,35.00%,28.00%,19.00%,New Brunswick/Nouveau-Brunswick,Liberal
112,24026,GaspÃ©sie--Les ÃŽles-de-la-Madeleine,39.00%,25.00%,23.00%,14.00%,Quebec,Liberal
113,24027,Gatineau,26.00%,30.00%,23.00%,21.00%,Quebec,Liberal
114,35031,Glengarry--Prescott--Russell,20.00%,35.00%,28.00%,17.00%,Ontario,Liberal
115,48024,Grande Prairie--Mackenzie,27.00%,36.00%,23.00%,14.00%,Alberta,Conservative
116,35032,Guelph,16.00%,30.00%,21.00%,33.00%,Ontario,Liberal
117,35033,Haldimand--Norfolk,24.00%,35.00%,29.00%,12.00%,Ontario,Conservative
118,35034,Haliburton--Kawartha Lakes--Brock,22.00%,35.00%,30.00%,13.00%,Ontario,Conservative
119,12005,Halifax,11.00%,26.00%,16.00%,47.00%,Nova Scotia,Liberal
120,12006,Halifax West,13.00%,26.00%,22.00%,39.00%,Nova Scotia,Liberal
121,35035,Hamilton Centre,25.00%,30.00%,22.00%,23.00%,Ontario,NDP
122,35036,Hamilton East--Stoney Creek,25.00%,34.00%,25.00%,16.00%,Ontario,Liberal
123,35037,Hamilton Mountain,21.00%,34.00%,28.00%,17.00%,Ontario,NDP
124,35038,Hamilton West--Ancaster--Dundas,14.00%,27.00%,23.00%,36.00%,Ontario,Liberal
125,35039,Hastings--Lennox and Addington,22.00%,34.00%,31.00%,13.00%,Ontario,Liberal
126,24028,Hochelaga,20.00%,23.00%,22.00%,35.00%,Quebec,NDP
127,24029,HonorÃ©-Mercier,26.00%,29.00%,23.00%,23.00%,Quebec,Liberal
128,24030,Hull--Aylmer,19.00%,24.00%,21.00%,37.00%,Quebec,Liberal
129,35121,Humber River--Black Creek,32.00%,33.00%,18.00%,17.00%,Ontario,Liberal
130,35040,Huron--Bruce,24.00%,31.00%,30.00%,16.00%,Ontario,Conservative
131,24031,Joliette,32.00%,31.00%,21.00%,16.00%,Quebec,Bloc QuÃ©bÃ©cois
132,24032,JonquiÃ¨re,24.00%,26.00%,31.00%,20.00%,Quebec,NDP
133,59013,Kamloops--Thompson--Cariboo,19.00%,39.00%,22.00%,20.00%,British Columba,Conservative
134,35041,Kanata--Carleton,11.00%,24.00%,25.00%,41.00%,Ontario,Liberal
135,59014,Kelowna--Lake Country,16.00%,36.00%,26.00%,22.00%,British Columba,Liberal
136,35042,Kenora,37.00%,28.00%,22.00%,13.00%,Ontario,Liberal
137,46006,Kildonan--St. Paul,18.00%,35.00%,22.00%,25.00%,Manitoba,Liberal
138,12007,Kings--Hants,22.00%,30.00%,28.00%,20.00%,Nova Scotia,Liberal
139,35044,Kingston and the Islands,14.00%,29.00%,26.00%,31.00%,Ontario,Liberal
140,35043,King--Vaughan,17.00%,28.00%,20.00%,35.00%,Ontario,Liberal
141,35045,Kitchener Centre,20.00%,31.00%,23.00%,26.00%,Ontario,Liberal
142,35047,Kitchener South--Hespeler,18.00%,32.00%,27.00%,23.00%,Ontario,Liberal
143,35046,Kitchener--Conestoga,22.00%,29.00%,24.00%,24.00%,Ontario,Conservative
144,59015,Kootenay--Columbia,18.00%,35.00%,27.00%,20.00%,British Columba,NDP
145,24033,La Pointe-de-l'ÃŽle,27.00%,30.00%,21.00%,22.00%,Quebec,Bloc QuÃ©bÃ©cois
146,24034,La Prairie,21.00%,28.00%,24.00%,27.00%,Quebec,Liberal
147,10004,Labrador,30.00%,26.00%,31.00%,13.00%,Newfoundland and Labrador,Liberal
148,24035,Lac-Saint-Jean,32.00%,26.00%,26.00%,16.00%,Quebec,Conservative
149,24036,Lac-Saint-Louis,11.00%,23.00%,23.00%,43.00%,Quebec,Liberal
150,48025,Lakeland,27.00%,34.00%,25.00%,14.00%,Alberta,Conservative
151,35048,Lambton--Kent--Middlesex,22.00%,32.00%,30.00%,15.00%,Ontario,Conservative
152,35049,Lanark--Frontenac--Kingston,18.00%,33.00%,32.00%,18.00%,Ontario,Conservative
153,59016,Langley--Aldergrove,17.00%,39.00%,22.00%,22.00%,British Columba,Conservative
154,24037,LaSalle--Ã‰mard--Verdun,20.00%,25.00%,20.00%,34.00%,Quebec,Liberal
155,24038,Laurentides--Labelle,29.00%,29.00%,22.00%,20.00%,Quebec,Liberal
156,24039,Laurier--Sainte-Marie,10.00%,17.00%,18.00%,56.00%,Quebec,NDP
157,24040,Laval--Les ÃŽles,22.00%,28.00%,22.00%,28.00%,Quebec,Liberal
158,35050,Leeds-Grenville-Thousand Islands and Rideau Lakes,19.00%,33.00%,31.00%,16.00%,Ontario,Conservative
159,48026,Lethbridge,19.00%,35.00%,24.00%,22.00%,Alberta,Conservative
160,24042,LÃ©vis--LotbiniÃ¨re,19.00%,25.00%,29.00%,27.00%,Quebec,Conservative
161,35052,London North Centre,14.00%,28.00%,22.00%,35.00%,Ontario,Liberal
162,35053,London West,13.00%,27.00%,26.00%,34.00%,Ontario,Liberal
163,35051,London--Fanshawe,23.00%,35.00%,28.00%,14.00%,Ontario,NDP
164,10005,Long Range Mountains,31.00%,29.00%,27.00%,13.00%,Newfoundland and Labrador,Liberal
165,24041,Longueuil--Charles-LeMoyne,27.00%,29.00%,21.00%,23.00%,Quebec,Liberal
166,24043,Longueuil--Saint-Hubert,22.00%,26.00%,23.00%,29.00%,Quebec,NDP
167,24044,Louis-HÃ©bert,9.00%,18.00%,25.00%,48.00%,Quebec,Liberal
168,24045,Louis-Saint-Laurent,16.00%,26.00%,28.00%,29.00%,Quebec,Conservative
169,13005,Madawaska--Restigouche,31.00%,31.00%,24.00%,14.00%,New Brunswick/Nouveau-Brunswick,Liberal
170,11004,Malpeque,18.00%,30.00%,30.00%,22.00%,Prince Edward Island,Liberal
171,24046,Manicouagan,37.00%,26.00%,23.00%,14.00%,Quebec,Bloc QuÃ©bÃ©cois
172,24065,Marc-AurÃ¨le-Fortin,19.00%,27.00%,26.00%,28.00%,Quebec,Liberal
173,35054,Markham--Stouffville,15.00%,28.00%,20.00%,38.00%,Ontario,Liberal
174,35055,Markham--Thornhill,21.00%,31.00%,15.00%,33.00%,Ontario,Liberal
175,35056,Markham--Unionville,15.00%,26.00%,16.00%,44.00%,Ontario,Conservative
176,48027,Medicine Hat--Cardston--Warner,25.00%,36.00%,26.00%,14.00%,Alberta,Conservative
177,24047,MÃ©gantic--L'Ã‰rable,37.00%,29.00%,23.00%,12.00%,Quebec,Conservative
178,35057,Milton,12.00%,26.00%,24.00%,39.00%,Ontario,Conservative
179,24048,Mirabel,27.00%,30.00%,26.00%,17.00%,Quebec,Bloc QuÃ©bÃ©cois
180,13006,Miramichi--Grand Lake,31.00%,34.00%,24.00%,11.00%,New Brunswick/Nouveau-Brunswick,Liberal
181,59017,Mission--Matsqui--Fraser Canyon,25.00%,40.00%,20.00%,15.00%,British Columba,Liberal
182,35058,Mississauga Centre,13.00%,27.00%,18.00%,42.00%,Ontario,Liberal
183,35059,Mississauga East--Cooksville,19.00%,30.00%,21.00%,31.00%,Ontario,Liberal
184,35060,Mississauga--Erin Mills,12.00%,25.00%,19.00%,44.00%,Ontario,Liberal
185,35061,Mississauga--Lakeshore,15.00%,28.00%,21.00%,36.00%,Ontario,Liberal
186,35062,Mississauga--Malton,19.00%,29.00%,18.00%,34.00%,Ontario,Liberal
187,35063,Mississauga--Streetsville,13.00%,28.00%,21.00%,38.00%,Ontario,Liberal
188,13007,Moncton--Riverview--Dieppe,17.00%,31.00%,27.00%,25.00%,New Brunswick/Nouveau-Brunswick,Liberal
189,24049,Montarville,15.00%,25.00%,26.00%,34.00%,Quebec,Liberal
190,24050,Montcalm,34.00%,30.00%,23.00%,13.00%,Quebec,Bloc QuÃ©bÃ©cois
191,24051,Montmagny--L'Islet--Kamouraska--RiviÃ¨re-du-Loup,33.00%,27.00%,24.00%,16.00%,Quebec,Conservative
192,24052,Mont-Royal,13.00%,22.00%,18.00%,47.00%,Quebec,Liberal
193,47005,Moose Jaw--Lake Centre--Lanigan,21.00%,39.00%,23.00%,17.00%,Saskatchewan,Conservative
194,59018,Nanaimo--Ladysmith,17.00%,36.00%,23.00%,23.00%,British Columba,NDP
195,35064,Nepean,12.00%,24.00%,24.00%,40.00%,Ontario,Liberal
196,13008,New Brunswick Southwest,20.00%,35.00%,27.00%,17.00%,New Brunswick/Nouveau-Brunswick,Liberal
197,59019,New Westminster--Burnaby,13.00%,31.00%,21.00%,35.00%,British Columba,NDP
198,35065,Newmarket--Aurora,15.00%,29.00%,24.00%,33.00%,Ontario,Liberal
199,35066,Niagara Centre,21.00%,36.00%,27.00%,16.00%,Ontario,Liberal
200,35067,Niagara Falls,19.00%,36.00%,26.00%,19.00%,Ontario,Conservative
201,35068,Niagara West,16.00%,32.00%,29.00%,23.00%,Ontario,Conservative
202,35069,Nickel Belt,22.00%,30.00%,34.00%,14.00%,Ontario,Liberal
203,35070,Nipissing--Timiskaming,21.00%,29.00%,32.00%,18.00%,Ontario,Liberal
204,59037,North Island--Powell River,21.00%,36.00%,25.00%,18.00%,British Columba,NDP
205,59020,North Okanagan--Shuswap,21.00%,37.00%,26.00%,16.00%,British Columba,Conservative
206,59021,North Vancouver,10.00%,27.00%,20.00%,44.00%,British Columba,Liberal
207,35071,Northumberland--Peterborough South,19.00%,34.00%,30.00%,17.00%,Ontario,Liberal
208,61001,Notre-Dame-de-GrÃ¢ce--Westmount,9.00%,18.00%,18.00%,55.00%,Northwest Territories,Liberal
209,24053,Nova Scotia,21.00%,29.00%,25.00%,25.00%,Quebec,Liberal
210,62001,Oakville North--Burlington,11.00%,23.00%,20.00%,46.00%,Nunavut,Liberal
211,35072,Ontario,18.00%,30.00%,23.00%,30.00%,Ontario,Liberal
212,35073,OrlÃ©ans,11.00%,27.00%,26.00%,36.00%,Ontario,Liberal
213,35076,Ottawa Centre,9.00%,19.00%,14.00%,58.00%,Ontario,Liberal
214,35074,Ottawa South,15.00%,27.00%,19.00%,39.00%,Ontario,Conservative
215,35075,Ottawa West--Nepean,14.00%,27.00%,21.00%,38.00%,Ontario,Liberal
216,35077,Ottawa--Vanier,16.00%,27.00%,19.00%,39.00%,Ontario,Liberal
217,35079,Outremont,10.00%,18.00%,16.00%,56.00%,Ontario,Liberal
218,35078,Oxford,24.00%,35.00%,28.00%,13.00%,Ontario,Liberal
219,24054,Papineau,23.00%,22.00%,18.00%,37.00%,Quebec,NDP
220,35080,Parkdale--High Park,11.00%,20.00%,17.00%,52.00%,Ontario,Conservative
221,24055,Parry Sound--Muskoka,21.00%,35.00%,27.00%,17.00%,Quebec,Liberal
222,35081,Peace River--Westlock,37.00%,33.00%,19.00%,11.00%,Ontario,Liberal
223,35082,Perth--Wellington,28.00%,34.00%,24.00%,14.00%,Ontario,Conservative
224,48028,Peterborough--Kawartha,18.00%,32.00%,29.00%,21.00%,Alberta,Conservative
225,35083,Pickering--Uxbridge,14.00%,31.00%,26.00%,28.00%,Ontario,Conservative
226,35084,Pierre-Boucher--Les Patriotes--VerchÃ¨res,18.00%,25.00%,26.00%,31.00%,Ontario,Liberal
227,35085,Pierrefonds--Dollard,15.00%,27.00%,23.00%,34.00%,Ontario,Liberal
228,24014,Pitt Meadows--Maple Ridge,17.00%,39.00%,26.00%,19.00%,Quebec,Bloc QuÃ©bÃ©cois
229,24056,Pontiac,23.00%,25.00%,23.00%,29.00%,Quebec,Liberal
230,59022,Port Moody--Coquitlam,13.00%,32.00%,21.00%,34.00%,British Columba,Liberal
231,24057,Portage--Lisgar,33.00%,34.00%,19.00%,14.00%,Quebec,Liberal
232,59023,Portneuf--Jacques-Cartier,19.00%,27.00%,28.00%,26.00%,British Columba,NDP
233,46007,Prince Albert,27.00%,35.00%,22.00%,16.00%,Manitoba,Conservative
234,24058,Prince Edward Island,20.00%,31.00%,27.00%,23.00%,Quebec,Conservative
235,47006,Prince George--Peace River--Northern Rockies,27.00%,38.00%,22.00%,14.00%,Saskatchewan,Conservative
236,59024,Quebec,24.00%,26.00%,23.00%,27.00%,British Columba,Conservative
237,46008,QuÃ©bec,16.00%,21.00%,22.00%,41.00%,Manitoba,Conservative
238,24059,Red Deer--Mountain View,20.00%,36.00%,27.00%,18.00%,Quebec,Liberal
239,48030,Regina--Lewvan,13.00%,36.00%,19.00%,32.00%,Alberta,Conservative
240,48029,Regina--Qu'Appelle,25.00%,39.00%,19.00%,17.00%,Alberta,Conservative
241,47007,Regina--Wascana,15.00%,35.00%,16.00%,34.00%,Saskatchewan,NDP
242,47008,Renfrew--Nipissing--Pembroke,20.00%,35.00%,29.00%,16.00%,Saskatchewan,Conservative
243,47009,Repentigny,23.00%,32.00%,25.00%,20.00%,Saskatchewan,Liberal
244,35086,Richmond Centre,13.00%,32.00%,16.00%,39.00%,Ontario,Conservative
245,24060,Richmond Hill,13.00%,25.00%,17.00%,45.00%,Quebec,Bloc QuÃ©bÃ©cois
246,59025,Richmond--Arthabaska,34.00%,27.00%,23.00%,16.00%,British Columba,Conservative
247,35087,Rimouski-Neigette--TÃ©miscouata--Les Basques,26.00%,26.00%,26.00%,22.00%,Ontario,Liberal
248,24061,RiviÃ¨re-des-Mille-ÃŽles,23.00%,30.00%,25.00%,22.00%,Quebec,Conservative
249,24018,RiviÃ¨re-du-Nord,30.00%,31.00%,24.00%,15.00%,Quebec,NDP
250,24062,Rosemont--La Petite-Patrie,14.00%,18.00%,21.00%,48.00%,Quebec,Liberal
251,24063,Saanich--Gulf Islands,12.00%,32.00%,21.00%,35.00%,Quebec,Bloc QuÃ©bÃ©cois
252,24064,Sackville--Preston--Chezzetcook,18.00%,32.00%,29.00%,21.00%,Quebec,NDP
253,59027,Saint Boniface--Saint Vital,16.00%,32.00%,21.00%,32.00%,British Columba,Green Party
254,12008,Saint John--Rothesay,18.00%,35.00%,25.00%,22.00%,Nova Scotia,Liberal
255,46009,Saint-Hyacinthe--Bagot,34.00%,31.00%,22.00%,14.00%,Manitoba,Liberal
256,13009,Saint-Jean,27.00%,31.00%,24.00%,18.00%,New Brunswick/Nouveau-Brunswick,Liberal
257,24066,Saint-Laurent,17.00%,23.00%,19.00%,42.00%,Quebec,NDP
258,24067,Saint-LÃ©onard--Saint-Michel,32.00%,28.00%,19.00%,21.00%,Quebec,Liberal
259,24068,Saint-Maurice--Champlain,31.00%,29.00%,25.00%,15.00%,Quebec,Liberal
260,24069,Salaberry--SuroÃ®t,33.00%,32.00%,22.00%,13.00%,Quebec,Liberal
261,24070,Sarnia--Lambton,17.00%,33.00%,33.00%,17.00%,Quebec,Liberal
262,24071,Saskatchewan,22.00%,36.00%,20.00%,22.00%,Quebec,NDP
263,35091,Saskatoon West,21.00%,37.00%,20.00%,22.00%,Ontario,Conservative
264,47012,Saskatoon--University,12.00%,30.00%,19.00%,39.00%,Saskatchewan,NDP
265,47010,Sault Ste. Marie,19.00%,33.00%,29.00%,20.00%,Saskatchewan,Conservative
266,47011,Scarborough Centre,20.00%,33.00%,20.00%,27.00%,Saskatchewan,Conservative
267,35092,Scarborough North,25.00%,33.00%,17.00%,25.00%,Ontario,Liberal
268,35094,Scarborough Southwest,19.00%,31.00%,20.00%,29.00%,Ontario,Liberal
269,35096,Scarborough--Agincourt,21.00%,30.00%,17.00%,31.00%,Ontario,Liberal
270,35098,Scarborough--Guildwood,20.00%,32.00%,20.00%,28.00%,Ontario,Liberal
271,35093,Scarborough--Rouge Park,17.00%,33.00%,23.00%,28.00%,Ontario,Liberal
272,35095,Selkirk--Interlake--Eastman,26.00%,36.00%,23.00%,14.00%,Ontario,Liberal
273,35097,Shefford,31.00%,32.00%,21.00%,15.00%,Ontario,Liberal
274,46010,Sherbrooke,22.00%,25.00%,24.00%,29.00%,Manitoba,Conservative
275,24072,Sherwood Park--Fort Saskatchewan,15.00%,34.00%,28.00%,24.00%,Quebec,Liberal
276,24073,Simcoe North,22.00%,34.00%,29.00%,15.00%,Quebec,NDP
277,48032,Simcoe--Grey,20.00%,36.00%,27.00%,18.00%,Alberta,Conservative
278,35100,Skeena--Bulkley Valley,29.00%,35.00%,21.00%,14.00%,Ontario,Conservative
279,35099,Souris--Moose Mountain,25.00%,41.00%,20.00%,13.00%,Ontario,Conservative
280,59028,South Okanagan--West Kootenay,21.00%,35.00%,27.00%,17.00%,British Columba,NDP
281,47013,South Shore--St. Margarets,26.00%,28.00%,26.00%,19.00%,Saskatchewan,Conservative
282,59029,South Surrey--White Rock,12.00%,32.00%,22.00%,34.00%,British Columba,NDP
283,12009,Spadina--Fort York,5.00%,15.00%,14.00%,66.00%,Nova Scotia,Liberal
284,59030,St. Albert--Edmonton,16.00%,33.00%,25.00%,26.00%,British Columba,Conservative
285,35101,St. Catharines,18.00%,35.00%,26.00%,21.00%,Ontario,Liberal
286,48031,St. John's East,13.00%,26.00%,25.00%,36.00%,Alberta,Conservative
287,35089,St. John's South--Mount Pearl,17.00%,30.00%,29.00%,24.00%,Ontario,Liberal
288,10006,Steveston--Richmond East,14.00%,33.00%,17.00%,37.00%,Newfoundland and Labrador,Liberal
289,10007,Stormont--Dundas--South Glengarry,23.00%,35.00%,29.00%,13.00%,Newfoundland and Labrador,Liberal
290,59031,Sturgeon River--Parkland,21.00%,38.00%,27.00%,15.00%,British Columba,Liberal
291,35102,Sudbury,20.00%,28.00%,30.00%,23.00%,Ontario,Conservative
292,48033,Surrey Centre,24.00%,38.00%,18.00%,20.00%,Alberta,Conservative
293,35103,Surrey--Newton,24.00%,39.00%,15.00%,22.00%,Ontario,Liberal
294,59032,Sydney--Victoria,26.00%,32.00%,24.00%,18.00%,British Columba,Liberal
295,59033,Terrebonne,25.00%,31.00%,24.00%,19.00%,British Columba,Liberal
296,12010,ThÃ©rÃ¨se-De Blainville,21.00%,27.00%,25.00%,27.00%,Nova Scotia,Liberal
297,24075,Thornhill,11.00%,24.00%,18.00%,47.00%,Quebec,Bloc QuÃ©bÃ©cois
298,24013,Thunder Bay--Rainy River,23.00%,32.00%,28.00%,17.00%,Quebec,Liberal
299,35104,Thunder Bay--Superior North,22.00%,28.00%,27.00%,23.00%,Ontario,Conservative
300,35105,Timmins--James Bay,30.00%,29.00%,30.00%,11.00%,Ontario,Liberal
301,35106,Tobique--Mactaquac,23.00%,36.00%,24.00%,16.00%,Ontario,Liberal
302,35107,Toronto Centre,8.00%,21.00%,15.00%,55.00%,Ontario,NDP
303,13010,Toronto--Danforth,15.00%,22.00%,17.00%,45.00%,New Brunswick/Nouveau-Brunswick,Liberal
304,35108,Toronto--St. Paul's,9.00%,19.00%,15.00%,58.00%,Ontario,Liberal
305,35109,Trois-RiviÃ¨res,23.00%,27.00%,26.00%,25.00%,Ontario,Liberal
306,35090,University--Rosedale,8.00%,20.00%,10.00%,62.00%,Ontario,Liberal
307,24076,Vancouver Centre,4.00%,19.00%,18.00%,58.00%,Quebec,NDP
308,35110,Vancouver East,16.00%,27.00%,18.00%,39.00%,Ontario,Liberal
309,59034,Vancouver Granville,8.00%,23.00%,16.00%,54.00%,British Columba,Liberal
310,59035,Vancouver Kingsway,20.00%,31.00%,16.00%,32.00%,British Columba,NDP
311,59036,Vancouver Quadra,8.00%,23.00%,12.00%,58.00%,British Columba,Liberal
312,59038,Vancouver South,20.00%,33.00%,16.00%,31.00%,British Columba,NDP
313,59039,Vaudreuil--Soulanges,17.00%,30.00%,26.00%,27.00%,British Columba,Liberal
314,59040,Vaughan--Woodbridge,23.00%,29.00%,20.00%,28.00%,British Columba,Liberal
315,24074,Victoria,10.00%,28.00%,19.00%,44.00%,Quebec,Liberal
316,35111,Ville-Marie--Le Sud-Ouest--ÃŽle-des-Soeurs,8.00%,19.00%,15.00%,58.00%,Ontario,Liberal
317,59041,Vimy,24.00%,27.00%,22.00%,27.00%,British Columba,NDP
318,24077,Waterloo,12.00%,28.00%,18.00%,42.00%,Quebec,Liberal
319,24078,Wellington--Halton Hills,17.00%,32.00%,26.00%,24.00%,Quebec,Liberal
320,35112,West Nova,30.00%,28.00%,28.00%,14.00%,Ontario,Liberal
321,35113,West Vancouver--Sunshine Coast--Sea to Sky Country,12.00%,30.00%,19.00%,39.00%,Ontario,Conservative
322,12011,Whitby,14.00%,30.00%,28.00%,28.00%,Nova Scotia,Liberal
323,59042,Willowdale,8.00%,22.00%,14.00%,56.00%,British Columba,Liberal
324,35114,Windsor West,19.00%,33.00%,21.00%,27.00%,Ontario,Liberal
325,35115,Windsor--Tecumseh,18.00%,35.00%,26.00%,21.00%,Ontario,Liberal
326,35117,Winnipeg Centre,23.00%,31.00%,18.00%,28.00%,Ontario,NDP
327,35116,Winnipeg North,25.00%,33.00%,19.00%,23.00%,Ontario,NDP
328,46011,Winnipeg South,12.00%,31.00%,18.00%,39.00%,Manitoba,Liberal
329,46012,Winnipeg South Centre,11.00%,28.00%,16.00%,45.00%,Manitoba,Liberal
330,46013,Yellowhead,29.00%,37.00%,22.00%,12.00%,Manitoba,Liberal
331,46014,York Centre,18.00%,28.00%,19.00%,34.00%,Manitoba,Liberal
332,48034,York South--Weston,30.00%,33.00%,20.00%,17.00%,Alberta,Conservative
333,35118,York--Simcoe,20.00%,35.00%,27.00%,18.00%,Ontario,Liberal
334,35120,Yorkton--Melville,28.00%,38.00%,21.00%,13.00%,Ontario,Liberal
335,35119,Yukon,18.00%,27.00%,25.00%,30.00%,Ontario,Conservative
336,47014,Grand Total,19.00%,30.00%,23.00%,28.00%,Saskatchewan,Conservative
